title,store_id,copies
Academy Dinosaur,2,4
Academy Dinosaur,1,4
Ace Goldfinger,2,6
Adaptation Holes,2,12
Affair Prejudice,2,12
Airplane Sierra,1,14
African Egg,2,15
Affair Prejudice,1,16
Alabama Devil,2,18
Agent Truman,1,18
Agent Truman,2,18
Airplane Sierra,2,21
Alabama Devil,1,27
Aladdin Calendar,2,30
Alien Center,1,30
Airport Pollock,2,32
Alley Evolution,2,32
Alley Evolution,1,32
Alamo Videotape,2,33
Alaska Phantom,1,36
Amadeus Holy,2,38
Aladdin Calendar,1,40
American Circus,1,42
Alamo Videotape,1,44
Anaconda Confessions,2,46
Alaska Phantom,2,48
Angels Life,2,50
Alone Trip,2,51
Alone Trip,1,51
Annie Identity,1,52
Ali Forever,2,52
Alter Victory,1,54
Alter Victory,2,54
Antitrust Tomatoes,1,58
Amelie Hellfighters,1,60
Anything Savannah,1,60
Alien Center,2,60
Apocalypse Flamingos,2,64
Amistad Midsummer,2,66
Anaconda Confessions,1,69
Amadeus Holy,1,76
Annie Identity,2,78
Anthem Luke,1,84
American Circus,2,84
Amistad Midsummer,1,88
Attacks Hate,1,88
Attraction Newton,2,90
Baby Hall,2,94
Backlash Undefeated,2,96
Backlash Undefeated,1,96
Analyze Hoosiers,1,96
Baked Cleopatra,2,100
Angels Life,1,100
Balloon Homeward,1,102
Ballroom Mockingbird,2,104
Arachnophobia Rollercoaster,2,105
Bang Kwai,1,106
Banger Pinocchio,2,108
Anonymous Human,1,108
Barbarella Streetcar,2,110
Arizona Bang,2,111
Barefoot Manchurian,2,112
Armageddon Lost,1,117
Bear Graceland,2,118
Beauty Grease,2,122
Apache Divine,2,124
Bed Highball,2,124
Apache Divine,1,124
Bedazzled Married,2,126
Bedazzled Married,1,126
Atlantis Cause,1,129
Attacks Hate,2,132
Berets Agent,1,134
Betrayed Rear,1,136
Betrayed Rear,2,136
Arabia Dogma,2,136
Autumn Crow,2,138
Arachnophobia Rollercoaster,1,140
Bikini Borrowers,2,140
Bikini Borrowers,1,140
Bill Others,2,144
Badman Dawn,1,147
Badman Dawn,2,147
Birch Antitrust,2,148
Arizona Bang,1,148
Baked Cleopatra,1,150
Birds Perdition,2,154
Armageddon Lost,2,156
Army Flintstones,2,160
Banger Pinocchio,1,162
Blood Argonauts,1,164
Blues Instinct,2,166
Artist Coldblooded,2,168
Barefoot Manchurian,1,168
Basic Easy,2,171
Atlantis Cause,2,172
Bear Graceland,1,177
Beast Hunchback,1,180
Attraction Newton,1,180
Bowfinger Gables,1,184
Bowfinger Gables,2,184
Braveheart Human,1,188
Breakfast Goldfinger,1,190
Beethoven Exorcist,2,192
Bride Intrigue,2,194
Beneath Rush,1,198
Brooklyn Desert,2,200
Brotherhood Blanket,2,202
Bubble Grosse,2,204
Balloon Homeward,2,204
Bull Shawshank,1,210
Bulworth Commandments,1,212
Bunch Minds,2,214
Barbarella Streetcar,1,220
Birch Antitrust,1,222
Bird Independence,2,225
Basic Easy,1,228
Birdcage Casper,1,228
Candidate Perdition,1,232
Beach Heartbreakers,2,232
Blackout Private,1,234
Candles Grapes,2,234
Canyon Stock,2,236
Blade Polish,1,237
Blade Polish,2,237
Beauty Grease,1,244
Casablanca Super,1,246
Blues Instinct,1,249
Cassidy Wyoming,2,250
Behavior Runaway,2,260
Celebrity Horn,1,260
Center Dinosaur,2,262
Chainsaw Uptown,2,264
Chamber Italian,2,266
Chamber Italian,1,266
Borrowers Bedazzled,1,267
Borrowers Bedazzled,2,267
Berets Agent,2,268
Boulevard Mob,2,270
Boulevard Mob,1,270
Beverly Outlaw,2,276
Chariots Conspiracy,1,276
Beverly Outlaw,1,276
Chasing Fight,2,278
Brannigan Sunrise,2,279
Cheaper Clyde,1,280
Chicago North,2,282
Chicken Hellfighters,2,284
Bilko Anonymous,2,284
Breakfast Goldfinger,2,285
Breaking Home,1,288
Bill Others,1,288
Bingo Talented,2,292
Bingo Talented,1,292
Bright Encounters,1,294
Bringing Hysterical,1,297
Bringing Hysterical,2,297
Cider Desire,1,300
Cincinatti Whisperer,1,302
Cincinatti Whisperer,2,302
Birds Perdition,1,308
Cleopatra Devil,1,310
Clerks Angels,2,312
Bugsy Song,2,312
Blackout Private,2,312
Bull Shawshank,2,315
Clones Pinocchio,1,316
Club Graffiti,1,320
Blanket Beverly,1,320
Clue Grail,1,322
Blindness Gun,1,324
Coast Rainbow,1,328
Coldblooded Darling,2,330
Color Philadelphia,2,332
Boiled Dares,1,336
Comancheros Enemy,1,336
Calendar Gunfight,2,336
Comforts Rush,1,338
Comforts Rush,2,338
Command Darling,1,340
Bonnie Holocaust,2,340
Camelot Vacation,2,342
Boogie Amelie,2,344
Boogie Amelie,1,344
Campus Remember,1,345
Confessions Maguire,2,346
Confused Candles,1,350
Born Spinal,2,352
Congeniality Quest,1,352
Connection Microcosmos,1,356
Caper Motions,1,357
Caribbean Liberty,1,360
Conspiracy Spirit,2,360
Carol Texas,1,363
Carol Texas,2,363
Bound Cheaper,1,364
Bound Cheaper,2,364
Control Anthem,1,364
Carrie Bunch,2,366
Core Suit,1,368
Casablanca Super,2,369
Cowboy Doom,1,370
Craft Outfield,1,372
Casper Dragonfly,2,372
Craft Outfield,2,372
Casualties Encino,2,378
Creatures Shakespeare,1,378
Cause Date,2,387
Cause Date,1,387
Crow Grease,1,388
Crow Grease,2,388
Bride Intrigue,1,388
Cruelty Unforgiven,1,392
Crusade Honey,1,394
Brooklyn Desert,1,400
Champion Flatliners,2,402
Brotherhood Blanket,1,404
Chance Resurrection,1,405
Dalmations Sweden,2,408
Chaplin License,1,408
Bucket Brotherhood,1,412
Bucket Brotherhood,2,412
Chariots Conspiracy,2,414
Cheaper Clyde,2,420
Darling Breaking,1,422
Chicago North,1,423
Darn Forrester,2,424
Chicken Hellfighters,1,426
Chill Luck,2,429
Day Unfaithful,1,432
Chisum Behavior,2,435
Butterfly Chocolat,2,436
Butterfly Chocolat,1,436
Chitty Lock,1,438
Cabin Flash,1,440
Chocolat Harry,1,441
Chocolat Harry,2,441
Desert Poseidon,1,444
Caddyshack Jedi,2,444
Desire Alien,2,446
Christmas Moonshine,1,447
Christmas Moonshine,2,447
Desperate Trainspotting,1,448
Calendar Gunfight,1,448
Destiny Saturday,1,452
California Birds,2,452
Details Packer,2,454
Camelot Vacation,1,456
Devil Desire,1,458
Devil Desire,2,458
Campus Remember,2,460
Diary Panic,1,460
Clash Freddy,1,462
Candidate Perdition,2,464
Dirty Ace,2,464
Cleopatra Devil,2,465
Disciple Mother,2,466
Candles Grapes,1,468
Divide Monster,1,470
Clockwork Paradise,2,471
Canyon Stock,1,472
Clones Pinocchio,2,474
Divorce Shining,1,474
Caper Motions,2,476
Doctor Grail,1,476
Closer Bang,2,477
Club Graffiti,2,480
Doom Dancing,1,484
Doors President,1,486
Clueless Bucket,1,486
Carrie Bunch,1,488
Clyde Theory,2,489
Coast Rainbow,2,492
Coldblooded Darling,1,495
Dozen Lion,2,496
Dracula Crystal,1,498
Coma Head,2,501
Dragonfly Strangers,1,502
Drifter Commandments,2,506
Cat Coneheads,1,508
Driver Annie,1,508
Cat Coneheads,2,508
Driving Polish,2,510
Coneheads Smoochy,2,516
Duck Racer,1,518
Confessions Maguire,1,519
Celebrity Horn,2,520
Duffel Apocalypse,1,522
Center Dinosaur,1,524
Dumbo Lust,2,524
Confused Candles,2,525
Dwarfs Alter,2,528
Chainsaw Uptown,1,528
Connecticut Tramp,2,531
Eagles Panky,2,534
Early Home,2,536
Earring Instinct,1,538
Chance Resurrection,2,540
Easy Gladiator,2,542
Contact Anonymous,1,543
Charade Duffel,2,548
Conversation Downhill,1,549
Conversation Downhill,2,549
Egypt Tenenbaums,2,550
Core Suit,2,552
Chasing Fight,1,556
Elf Murder,1,556
Elizabeth Shane,1,558
Empire Malkovich,2,560
Cranes Reservoir,2,561
Encino Elf,1,562
Crazy Home,1,564
Enough Raging,1,572
Chill Luck,1,572
Crooked Frogmen,1,573
Crooked Frogmen,2,573
Entrapment Satisfaction,2,574
Entrapment Satisfaction,1,574
Escape Metropolis,1,576
Eve Resurrection,1,578
Exorcist Sting,1,586
Expecations Natural,1,588
Extraordinary Conquerer,2,594
Eyes Driving,1,596
Falcon Volume,1,600
Cider Desire,2,600
Fantasia Park,1,604
Daddy Pittsburgh,1,606
Fantasy Troopers,2,606
Circus Youth,1,608
Fargo Gandhi,2,608
Citizen Shrek,1,612
Clash Freddy,2,616
Ferris Mother,2,616
Ferris Mother,1,616
Feud Frogmen,1,618
Fever Empire,1,620
Dares Pluto,1,624
Fidelity Devil,2,626
Fight Jawbreaker,1,628
Darko Dorado,2,630
Fire Wolves,2,632
Closer Bang,1,636
Darn Forrester,1,636
Flatliners Killer,2,644
Dawn Pond,1,645
Dawn Pond,2,645
Day Unfaithful,2,648
Flintstones Happiness,2,648
Clueless Bucket,2,648
Flying Hook,1,652
Deceiver Betrayed,2,654
Fool Mockingbird,2,654
Color Philadelphia,1,664
Freaky Pocus,2,666
Freaky Pocus,1,666
Freddy Storm,1,668
Coma Head,1,668
Freedom Cleopatra,1,670
French Holiday,2,672
Frida Slipper,2,674
Frida Slipper,1,674
Destination Jerk,1,675
Destiny Saturday,2,678
Frontier Cabin,1,680
Command Darling,2,680
Details Packer,1,681
Detective Vision,1,684
Full Flatliners,1,686
Coneheads Smoochy,1,688
Fury Murder,2,688
Gables Metropolis,2,690
Galaxy Sweethearts,1,692
Confidential Interview,1,696
Confidential Interview,2,696
Dirty Ace,1,696
Disturbing Scarface,2,702
Congeniality Quest,2,704
Gentlemen Stage,1,706
Ghost Groundhog,2,708
Ghostbusters Elf,2,710
Conquerer Nuts,1,716
Dolls Rage,2,720
Contact Anonymous,2,724
Glory Tracy,1,724
Doom Dancing,2,726
Gold River,2,730
Gold River,1,730
Dorado Notting,2,732
Double Wrath,1,735
Gone Trouble,1,736
Doubtfire Labyrinth,2,738
Gorgeous Bingo,2,740
Downhill Enough,1,741
Graceland Dynamite,1,744
Graduate Lord,2,746
Grail Frankenstein,1,750
Dragonfly Strangers,2,753
Creatures Shakespeare,2,756
Dream Pickup,1,756
Dream Pickup,2,756
Creepers Kane,2,760
Greek Everyone,1,760
Driver Annie,2,762
Grinch Massage,1,762
Groove Fiction,2,766
Drop Waterfront,2,768
Groundhog Uncut,1,770
Drumline Cyclone,2,771
Crossroads Casualties,1,772
Crossroads Casualties,2,772
Gunfighter Mussolini,1,778
Gunfighter Mussolini,2,778
Hall Cassidy,2,784
Halloween Nuts,1,786
Durham Panky,2,789
Cupboard Sinners,2,796
Cupboard Sinners,1,796
Happiness United,2,798
Curtain Videotape,2,800
Hardly Robbers,1,800
Curtain Videotape,1,800
Harold French,1,802
Cyclone Family,1,804
Earth Vision,1,810
Haunted Antitrust,2,810
Daisy Menagerie,2,812
Haunting Pianist,1,812
Easy Gladiator,1,813
Hawk Chill,1,814
Dalmations Sweden,1,816
Effect Gladiator,2,819
Heaven Freedom,2,820
Dances None,1,820
Heavenly Gun,1,822
Egg Igby,1,822
Dancing Fever,2,824
Dancing Fever,1,824
Egypt Tenenbaums,1,825
Dangerous Uptown,1,828
Elephant Trojan,1,831
Highball Potter,1,832
Hills Neighbors,2,834
Darkness War,1,836
Holes Brannigan,1,840
Hollow Jeopardy,2,844
Encounters Curtain,2,846
Hollywood Anonymous,1,846
Hollywood Anonymous,2,846
Encounters Curtain,1,846
Holocaust Highball,2,848
Ending Crowds,1,849
Holy Tadpole,2,850
Enemy Odds,1,852
Date Speed,1,852
English Bulworth,1,855
Daughter Madigan,2,856
Homicide Peach,2,856
Honey Ties,1,858
Enough Raging,2,858
Hope Tootsie,2,864
Horn Working,2,866
Hotel Happiness,1,870
Everyone Craft,1,870
Deceiver Betrayed,1,872
House Dynamite,1,874
Human Graffiti,1,876
Excitement Eve,2,876
Deep Crusade,1,876
Excitement Eve,1,876
Hunchback Impossible,2,878
Exorcist Sting,2,879
Deer Virginian,1,880
Hunger Roof,2,880
Deer Virginian,2,880
Hunger Roof,1,880
Expecations Natural,2,882
Hunter Alter,1,882
Desert Poseidon,2,888
Hysterical Grail,2,892
Hysterical Grail,1,892
Eyes Driving,2,894
Idaho Love,1,896
Igby Maker,1,902
Image Princess,2,906
Impact Aladdin,1,908
Inch Jet,1,912
Detective Vision,2,912
Independence Hotel,1,914
Fatal Haunted,2,915
Indian Love,1,916
Feathers Metal,1,918
Informer Double,2,918
Fellowship Autumn,1,921
Fellowship Autumn,2,921
Insects Stone,1,922
Insider Arizona,1,924
Dinosaur Secretary,1,924
Dinosaur Secretary,2,924
Instinct Airport,2,926
Interview Liaisons,1,930
Disciple Mother,1,932
Intolerable Intentions,1,932
Fiction Christmas,1,933
Fiddler Lost,2,936
Disturbing Scarface,1,936
Divide Monster,2,940
Ishtar Rocketeer,1,940
Italian African,2,944
Divine Resurrection,2,944
Finding Anaconda,2,945
Jacket Frisco,1,946
Japanese Run,2,950
Fireball Philadelphia,2,951
Dogma Family,1,956
Dogma Family,2,956
Jaws Harry,1,956
Fish Opus,1,957
Jedi Beneath,1,958
Jeepers Wedding,2,960
Flamingos Connecticut,1,960
Jeepers Wedding,1,960
Donnie Alley,1,964
Jericho Mulan,2,966
Flintstones Happiness,1,972
Jet Neighbors,2,972
Doors President,2,972
Joon Northwest,1,976
Dorado Notting,1,976
Double Wrath,2,980
Jumanji Blade,1,980
Jumping Wrath,1,982
Jungle Closer,1,984
Forrest Sons,2,987
Forrest Sons,1,987
Downhill Enough,2,988
Karate Moon,2,988
Forrester Comancheros,2,990
Kick Savannah,1,992
Killer Innocent,1,996
Dracula Crystal,2,996
King Evolution,1,998
Dragon Squad,2,1000
Kissing Dolls,2,1002
Kwai Homeward,2,1008
French Holiday,1,1008
Lady Stage,2,1012
Drifter Commandments,1,1012
Ladybugs Armageddon,2,1014
Frisco Forrest,2,1014
Frogmen Breaking,2,1017
Driving Polish,1,1020
Lawrence Love,1,1022
League Hellfighters,1,1024
Leathernecks Dwarfs,2,1026
Lebowski Soldiers,1,1028
Legally Secretary,2,1030
Fury Murder,1,1032
Drums Dynamite,2,1032
Lesson Cleopatra,2,1034
Gables Metropolis,1,1035
Liaisons Sweet,1,1036
Dude Blindness,2,1040
License Weekend,1,1040
Life Twisted,2,1044
Lights Deer,1,1046
Gangs Pride,2,1047
Lion Uncut,1,1048
Durham Panky,1,1052
Gaslight Crusade,2,1053
Gaslight Crusade,1,1053
Lola Agent,1,1054
Dying Maker,1,1060
Ghost Groundhog,1,1062
Dynamite Tarzan,1,1064
Dynamite Tarzan,2,1064
Louisiana Harry,1,1068
Eagles Panky,1,1068
Lovely Jingle,2,1072
Earring Instinct,2,1076
Luck Opus,1,1078
Earth Vision,2,1080
Luke Mummy,2,1082
Lust Lock,2,1084
Madigan Dorado,1,1086
Madison Trap,1,1088
Madison Trap,2,1088
Edge Kissing,1,1088
Go Purple,1,1089
Go Purple,2,1089
Madness Attacks,2,1090
Effect Gladiator,1,1092
Godfather Diary,1,1092
Magic Mallrats,2,1094
Egg Igby,2,1096
Magnificent Chitty,1,1096
Magnolia Forrester,1,1098
Goldfinger Sensibility,2,1098
Magnolia Forrester,2,1098
Goldmine Tycoon,2,1101
Element Freddy,1,1104
Gorgeous Bingo,1,1110
Gosford Donnie,1,1113
Manchurian Curtain,1,1114
Mannequin Worst,2,1116
Graduate Lord,1,1119
Mars Roman,2,1120
Empire Malkovich,1,1120
Graffiti Love,1,1122
Masked Bubble,2,1124
Encino Elf,2,1124
Grapes Fury,2,1128
Matrix Snowman,1,1130
Grease Youth,1,1131
Grease Youth,2,1131
Maude Mod,1,1132
Meet Chocolate,2,1134
Meet Chocolate,1,1134
Memento Zoolander,2,1136
Memento Zoolander,1,1136
Enemy Odds,2,1136
Menagerie Rushmore,1,1138
Mermaid Insects,1,1140
Greek Everyone,2,1140
English Bulworth,2,1140
Metal Armageddon,1,1142
Grinch Massage,2,1143
Midnight Westward,1,1148
Groove Fiction,1,1149
Midsummer Groundhog,1,1150
Grosse Wonderful,2,1152
Escape Metropolis,2,1152
Groundhog Uncut,2,1155
Million Ace,1,1156
Mine Titans,2,1160
Gun Bonnie,1,1161
Gun Bonnie,2,1161
Gunfight Moon,2,1164
Gunfight Moon,1,1164
Miracle Virtual,2,1164
Evolution Alter,1,1164
Mission Zoolander,2,1166
Mixed Doors,1,1168
Guys Falcon,1,1170
Half Outfield,2,1173
Expendable Stallion,1,1180
Expendable Stallion,2,1180
Monster Spartacus,1,1184
Express Lonely,1,1184
Monster Spartacus,2,1184
Handicap Boondock,1,1185
Handicap Boondock,2,1185
Hanky October,1,1191
Moonshine Cabin,1,1192
Factory Dragon,1,1196
Mother Oleander,2,1198
Falcon Volume,2,1200
Motions Details,2,1200
Motions Details,1,1200
Moulin Wake,2,1202
Family Sweet,2,1204
Mourning Purple,1,1204
Family Sweet,1,1204
Harper Dying,2,1206
Movie Shakespeare,2,1206
Harper Dying,1,1206
Fantasia Park,2,1208
Mulholland Beast,2,1210
Fantasy Troopers,1,1212
Mummy Creatures,1,1212
Fargo Gandhi,1,1216
Murder Antitrust,1,1216
Fatal Haunted,1,1220
Music Boondock,1,1220
Musketeers Wait,2,1222
Head Stranger,2,1224
Mussolini Spoilers,2,1224
Mystic Truman,1,1226
Heartbreakers Bright,2,1227
Heaven Freedom,1,1230
National Story,1,1232
Feud Frogmen,2,1236
Neighbors Charade,1,1238
Hedwig Alter,1,1239
Nemo Campus,1,1240
Hellfighters Sierra,1,1242
Hellfighters Sierra,2,1242
Newsies Story,2,1244
Fiction Christmas,2,1244
High Encino,2,1245
High Encino,1,1245
Newton Labyrinth,1,1246
Fidelity Devil,1,1252
Northwest Polish,2,1256
Fight Jawbreaker,2,1256
Holes Brannigan,2,1260
Novocaine Flight,2,1262
Fireball Philadelphia,1,1268
Oklahoma Jumanji,2,1270
Holocaust Highball,1,1272
Open African,1,1274
Fish Opus,2,1276
Home Pity,2,1278
Flamingos Connecticut,2,1280
Flash Wars,1,1284
Flatliners Killer,1,1288
Flight Lies,2,1292
Outbreak Divine,2,1292
Hoosiers Birdcage,2,1293
Hope Tootsie,1,1296
Outlaw Hanky,2,1296
Oz Liaisons,1,1298
Pacific Amistad,1,1300
Packer Madigan,1,1302
Flying Hook,2,1304
Panic Club,1,1306
Panky Submarine,1,1308
Panky Submarine,2,1308
Hours Rage,1,1308
Fool Mockingbird,1,1308
Hours Rage,2,1308
Papi Necklace,2,1312
Forever Candidate,2,1312
Paradise Sabrina,2,1314
Human Graffiti,2,1314
Park Citizen,2,1318
Party Knock,1,1320
Forrester Comancheros,1,1320
Party Knock,2,1320
Forward Temple,2,1324
Forward Temple,1,1324
Paths Control,2,1324
Paths Control,1,1324
Hunting Musketeers,1,1326
Patient Sister,2,1326
Patriot Roman,1,1328
Hurricane Affair,1,1329
Paycheck Wait,2,1332
Peach Innocent,1,1334
Peach Innocent,2,1334
Hyde Doctor,1,1335
Hyde Doctor,2,1335
Peak Forever,1,1336
Freddy Storm,2,1336
Ice Crossing,2,1341
Idaho Love,2,1344
Perfect Groove,1,1344
Personal Ladybugs,2,1346
Personal Ladybugs,1,1346
Phantom Glory,1,1350
Idols Snatchers,1,1350
Philadelphia Wife,1,1352
Igby Maker,2,1353
Pilot Hoosiers,1,1358
Pilot Hoosiers,2,1358
Image Princess,1,1359
Pinocchio Simon,1,1360
Frost Head,1,1364
Frost Head,2,1364
Pizza Jumanji,2,1368
Fugitive Maguire,1,1368
Platoon Instinct,2,1370
Pollock Deliverance,2,1378
Pond Seattle,2,1380
Poseidon Forever,2,1382
Galaxy Sweethearts,2,1384
Insider Arizona,2,1386
Potter Connecticut,1,1386
Games Bowfinger,1,1388
Prejudice Oleander,2,1388
Instinct Airport,1,1389
President Bang,1,1390
Intentions Empire,2,1392
Gandhi Kwai,2,1392
Pride Alamo,1,1392
Interview Liaisons,2,1395
Gangs Pride,1,1396
Private Drop,1,1398
Garden Island,2,1400
Garden Island,1,1400
Intrigue Worst,2,1401
Punk Divorce,2,1406
Iron Moon,2,1407
Pure Runner,1,1408
Gathering Calendar,2,1408
Gentlemen Stage,2,1412
Queen Luke,1,1412
Island Exorcist,1,1413
Quest Mussolini,1,1414
Quills Bull,1,1416
Quills Bull,2,1416
Racer Egg,1,1418
Jacket Frisco,2,1419
Rage Games,2,1420
Giant Troopers,1,1424
Giant Troopers,2,1424
Jason Trap,1,1428
Gilbert Pelican,2,1428
Jawbreaker Brooklyn,2,1431
Gilmore Boiled,1,1432
Gilmore Boiled,2,1432
Reap Unfaithful,1,1432
Rear Trading,1,1434
Rear Trading,2,1434
Jaws Harry,2,1434
Rebel Airport,2,1436
Jedi Beneath,2,1437
Records Zorro,1,1438
Glass Dying,1,1440
Reds Pocus,1,1442
Jekyll Frogmen,1,1443
Jekyll Frogmen,2,1443
Reef Salute,1,1444
Gleaming Jawbreaker,2,1444
Reef Salute,2,1444
Gleaming Jawbreaker,1,1444
Jeopardy Encino,1,1446
Remember Diary,1,1448
Jericho Mulan,1,1449
Jerk Paycheck,2,1452
Resurrection Silverado,1,1454
Jersey Sassy,2,1455
Reunion Witches,2,1456
Jingle Sagebrush,2,1461
Goldfinger Sensibility,1,1464
Joon Northwest,2,1464
Road Roxanne,1,1468
Goldmine Tycoon,1,1468
Rock Instinct,1,1474
Goodfellas Salute,1,1476
Goodfellas Salute,2,1476
Rocky War,1,1478
Kane Exorcist,2,1479
Roman Punk,2,1482
Room Roman,1,1486
Roots Remember,1,1488
Kick Savannah,2,1488
Rouge Squad,1,1492
Roxanne Rebel,1,1494
Graffiti Love,2,1496
Rules Human,2,1498
Rules Human,1,1498
Runaway Tenenbaums,2,1502
Kissing Dolls,1,1503
Grapes Fury,1,1504
Knock Warlock,2,1506
Rushmore Mermaid,2,1508
Kramer Chocolate,1,1509
Greatest North,2,1512
Greatest North,1,1512
Sagebrush Clueless,2,1514
Greedy Roots,2,1516
Salute Apollo,1,1518
Lambs Cincinatti,2,1524
Satisfaction Confidential,2,1526
Language Cowboy,2,1527
Grit Clockwork,1,1528
Grit Clockwork,2,1528
Lawrence Love,2,1533
School Jacket,2,1538
Sea Virgin,2,1544
Legend Jedi,2,1548
Seattle Expecations,2,1550
Secret Groundhog,1,1552
Secrets Paradise,2,1556
Sense Greek,2,1558
Seven Swarm,2,1562
Lies Treatment,2,1563
Half Outfield,1,1564
Hall Cassidy,1,1568
Shawshank Bubble,2,1570
Ship Wonderland,1,1576
Hamlet Wisdom,1,1576
Ship Wonderland,2,1576
Show Lord,1,1582
Hanging Deep,2,1584
Lolita World,1,1584
Side Ark,1,1588
Side Ark,2,1588
Hanky October,2,1588
Lord Arizona,1,1590
Hanover Galaxy,2,1592
Sierra Divide,1,1592
Silence Kane,1,1594
Silverado Goldfinger,1,1596
Silverado Goldfinger,2,1596
Simon North,1,1598
Lost Bird,1,1599
Sinners Atlantis,1,1600
Louisiana Harry,2,1602
Slacker Liaisons,2,1606
Lovely Jingle,1,1608
Sleepless Monsoon,1,1610
Lover Truman,2,1611
Harry Idaho,1,1612
Sleepy Japanese,2,1612
Harry Idaho,2,1612
Loverboy Attacks,2,1614
Sleuth Orient,2,1614
Sling Luke,2,1616
Lucky Flying,1,1620
Haunting Pianist,2,1624
Head Stranger,1,1632
Soldiers Evolution,1,1634
Something Duck,2,1636
Heartbreakers Bright,1,1636
Sons Interview,2,1640
Soup Wisdom,2,1644
Heavyweights Beast,2,1648
Heavyweights Beast,1,1648
Maguire Apache,1,1650
Speed Suit,2,1652
Maiden Home,1,1653
Maiden Home,2,1653
Spice Sorority,1,1654
Spinal Rocky,1,1658
Maker Gables,2,1659
Malkovich Pet,2,1662
Highball Potter,2,1664
Mallrats United,1,1665
Hills Neighbors,1,1668
Maltese Hope,1,1668
Manchurian Curtain,2,1671
Hobbit Alien,2,1672
Hobbit Alien,1,1672
Stagecoach Armageddon,1,1676
Stallion Sundance,2,1678
Mars Roman,1,1680
State Wasteland,1,1684
Holiday Games,2,1684
State Wasteland,2,1684
Steers Armageddon,1,1688
Steers Armageddon,2,1688
Massacre Usual,2,1689
Massage Image,2,1692
Homeward Cider,1,1708
Streak Ridgemont,1,1710
Streak Ridgemont,2,1710
Mermaid Insects,2,1710
Homicide Peach,1,1712
Honey Ties,2,1716
Hook Chariots,2,1720
Midnight Westward,2,1722
Summer Scarface,2,1724
Sundance Invasion,2,1728
Mighty Luck,2,1728
Sunrise League,2,1730
Mile Mulan,1,1731
Sunset Racer,2,1732
Horn Working,1,1732
Million Ace,2,1734
Horror Reign,1,1736
Horror Reign,2,1736
Minds Truman,2,1737
Sweden Shining,1,1742
Minority Kiss,1,1743
House Dynamite,2,1748
Mission Zoolander,1,1749
Tarzan Videotape,1,1752
Taxi Kick,2,1754
Hunchback Impossible,1,1756
Mod Secretary,1,1761
Tequila Past,2,1766
Texas Watch,1,1770
Money Harold,1,1770
Hurricane Affair,2,1772
Monsoon Cause,2,1773
Thief Pelican,2,1774
Hustler Party,1,1776
Hustler Party,2,1776
Montezuma Command,1,1782
Tomatoes Hellfighters,2,1788
Ice Crossing,1,1788
Tootsie Pilot,2,1792
Tootsie Pilot,1,1792
Identity Lover,2,1796
Tourist Pelican,2,1796
Mother Oleander,1,1797
Town Ark,2,1800
Town Ark,1,1800
Idols Snatchers,2,1800
Moulin Wake,1,1803
Mourning Purple,2,1806
Traffic Hobbit,2,1806
Train Bunch,1,1808
Illusion Amelie,2,1808
Mulan Moon,2,1812
Tramp Others,1,1812
Trap Guys,1,1816
Trap Guys,2,1816
Impossible Prejudice,1,1820
Treatment Jekyll,2,1820
Inch Jet,2,1824
Troopers Metal,2,1826
Independence Hotel,2,1828
Trouble Date,1,1828
Truman Crazy,2,1830
Music Boondock,2,1830
Indian Love,2,1832
Turn Star,1,1832
Turn Star,2,1832
Tuxedo Mile,2,1834
Innocent Usual,2,1840
Unbreakable Karate,2,1840
Innocent Usual,1,1840
Name Detective,1,1842
Uncut Suicides,1,1842
Uncut Suicides,2,1842
Name Detective,2,1842
Insects Stone,2,1844
Unforgiven Zoolander,1,1848
United Pilot,2,1850
Natural Stock,1,1851
Untouchables Sunrise,2,1852
Intentions Empire,1,1856
Nemo Campus,2,1860
Valley Packer,2,1864
Valley Packer,1,1864
Intrigue Worst,1,1868
Newton Labyrinth,2,1869
Vanished Garden,2,1870
Nightmare Chill,1,1872
Invasion Cyclone,2,1872
Vanishing Rocky,1,1872
Invasion Cyclone,1,1872
Varsity Trip,1,1874
None Spiking,1,1875
Velvet Terminator,2,1876
North Tequila,2,1881
Vietnam Smoochy,2,1884
Vietnam Smoochy,1,1884
Island Exorcist,2,1884
Northwest Polish,1,1884
Virgin Daisy,1,1888
Notting Speakeasy,2,1890
Novocaine Flight,1,1893
Vision Torque,1,1894
Voice Peach,1,1896
Nuts Ties,1,1896
Jade Bunch,2,1896
Volcano Texas,2,1898
October Submarine,2,1899
Jason Trap,2,1904
Wait Cider,2,1906
Oleander Clue,1,1908
Open African,2,1911
War Notting,2,1914
Opposite Necklace,2,1917
Warlock Werewolf,1,1918
Opus Ice,2,1920
Wash Heavenly,2,1922
Orange Grapes,1,1923
Watch Tracy,1,1926
Waterfront Deliverance,2,1928
Orient Closer,1,1929
Orient Closer,2,1929
Watership Frontier,1,1930
Wedding Apollo,1,1932
Oscar Gold,1,1932
Weekend Personal,2,1934
Others Soup,1,1935
Others Soup,2,1935
Jerk Paycheck,1,1936
Outbreak Divine,1,1938
Outfield Massacre,2,1941
Outfield Massacre,1,1941
Jet Neighbors,1,1944
Wild Apollo,1,1948
Willow Tracy,1,1950
Wind Phantom,1,1952
Juggler Hardly,1,1956
Juggler Hardly,2,1956
Wizard Coldblooded,2,1960
Jumping Wrath,2,1964
Panther Reds,1,1965
Panther Reds,2,1965
Wonderful Drop,1,1968
Wonka Sea,2,1972
Words Hunter,2,1974
Words Hunter,1,1974
Karate Moon,1,1976
Worker Tarzan,2,1976
Working Microcosmos,2,1978
World Leathernecks,2,1980
Worst Banger,1,1982
Patient Sister,1,1989
Yentl Idaho,2,1990
Patriot Roman,2,1992
Young Language,1,1992
Youth Kick,1,1994
Patton Interview,2,1995
Zhivago Core,2,1996
Paycheck Wait,1,1998
Zoolander Fiction,1,1998
Kiss Glory,2,2000
Kiss Glory,1,2000
Peak Forever,2,2004
Knock Warlock,1,2008
Pelican Comforts,2,2010
Kwai Homeward,1,2016
Labyrinth League,2,2020
Pet Haunting,1,2022
Lady Stage,1,2024
Pianist Outfield,1,2031
Lawless Vision,1,2040
Pirates Roxanne,1,2043
Pirates Roxanne,2,2043
Pittsburgh Hunchback,1,2046
League Hellfighters,2,2048
Lebowski Soldiers,2,2056
Pocus Pulp,1,2061
Liaisons Sweet,2,2072
Poseidon Forever,1,2073
Potluck Mixed,2,2076
Liberty Magnificent,2,2076
Potter Connecticut,2,2079
Lies Treatment,1,2084
Pride Alamo,2,2088
Princess Giant,2,2094
Lion Uncut,2,2096
Loathing Legally,1,2100
Prix Undefeated,2,2100
Loathing Legally,2,2100
Lock Rear,2,2104
Lola Agent,2,2108
Pure Runner,2,2112
Lonely Elephant,1,2116
Lose Inch,1,2124
Lose Inch,2,2124
Loser Hustler,2,2128
Love Suicides,1,2140
Random Go,2,2142
Range Moonwalker,2,2145
Reap Unfaithful,2,2148
Redemption Comforts,1,2160
Lust Lock,1,2168
Reign Gentlemen,2,2169
Requiem Tycoon,1,2175
Requiem Tycoon,2,2175
Reservoir Adaptation,2,2178
Madness Attacks,1,2180
Resurrection Silverado,2,2181
Reunion Witches,1,2184
Madre Gables,2,2184
Right Cranes,2,2193
River Outlaw,2,2199
Robbers Joon,1,2205
Majestic Floats,2,2208
Malkovich Pet,1,2216
Rocky War,2,2217
Rollercoaster Bringing,2,2220
Mallrats United,2,2220
Maltese Hope,2,2224
Roots Remember,2,2232
Married Go,2,2236
Married Go,1,2236
Rouge Squad,2,2238
Roxanne Rebel,2,2241
Mask Peach,1,2244
Masked Bubble,1,2248
Run Pacific,1,2250
Massacre Usual,1,2252
Runner Madigan,2,2256
Sabrina Midnight,2,2265
Saddle Antitrust,2,2268
Sagebrush Clueless,1,2271
Saints Bride,2,2274
Samurai Lion,1,2280
Santa Paris,2,2283
Metal Armageddon,2,2284
Metropolis Coma,2,2288
Metropolis Coma,1,2288
Satisfaction Confidential,1,2289
Microcosmos Paradise,1,2292
Savannah Town,1,2298
Midsummer Groundhog,2,2300
Scarface Bang,2,2304
Scarface Bang,1,2304
Scissorhands Slums,2,2310
Scorpion Apollo,1,2313
Minds Truman,1,2316
Mine Titans,1,2320
Seattle Expecations,1,2325
Secret Groundhog,2,2328
Secretary Rouge,1,2331
Secretary Rouge,2,2331
Mob Duffel,2,2340
Sensibility Rear,2,2340
Mockingbird Hollywood,2,2344
Mockingbird Hollywood,1,2344
Shakespeare Saddle,1,2346
Shakespeare Saddle,2,2346
Model Fish,2,2352
Shanghai Tycoon,2,2352
Shanghai Tycoon,1,2352
Modern Dorado,2,2356
Shepherd Midsummer,1,2358
Money Harold,2,2360
Shining Roses,1,2361
Shootist Superfly,2,2370
Monterey Labyrinth,2,2372
Shrek License,2,2376
Moon Bunch,2,2380
Moon Bunch,1,2380
Moonshine Cabin,2,2384
Moonwalker Fool,2,2388
Sierra Divide,2,2388
Silence Kane,2,2391
Mosquito Armageddon,1,2392
Movie Shakespeare,1,2412
Sleeping Suspects,2,2412
Sleepless Monsoon,2,2415
Sleepy Japanese,1,2418
Sleuth Orient,1,2421
Mummy Creatures,2,2424
Slums Duck,2,2430
Murder Antitrust,2,2432
Smile Earring,1,2433
Muscle Bright,1,2436
Smoking Barbarella,1,2436
Muscle Bright,2,2436
Smoking Barbarella,2,2436
Snatch Slipper,1,2442
Musketeers Wait,1,2444
Snatchers Montezuma,1,2445
Snowman Rollercoaster,2,2448
Something Duck,1,2454
Song Hedwig,1,2457
Nash Chocolat,2,2460
National Story,2,2464
South Wait,1,2469
Necklace Outbreak,2,2472
Speakeasy Date,1,2475
Neighbors Charade,2,2476
Network Peak,1,2484
Network Peak,2,2484
Spinal Rocky,2,2487
Spirited Casualties,1,2493
Nightmare Chill,2,2496
Splendor Patton,1,2499
None Spiking,2,2500
Spoilers Hellfighters,2,2502
Noon Papi,2,2504
Squad Fish,1,2508
Stage World,2,2511
Notorious Reunion,2,2516
Star Operation,1,2523
Steel Santa,2,2529
Stepmom Dream,2,2535
Odds Boogie,2,2536
Stone Fire,1,2544
Story Side,1,2550
Operation Operation,2,2552
Operation Operation,1,2552
Straight Hours,2,2553
Straight Hours,1,2553
Strangelove Desire,2,2556
Stranger Strangers,1,2559
Orange Grapes,2,2564
Strictly Scarface,1,2571
Oscar Gold,2,2576
Sugar Wonka,2,2577
Sugar Wonka,1,2577
Suit Walls,2,2583
Suit Walls,1,2583
Summer Scarface,1,2586
Sun Confessions,2,2589
Outlaw Hanky,1,2592
Oz Liaisons,2,2596
Pacific Amistad,2,2600
Packer Madigan,2,2604
Superfly Trip,1,2604
Suspects Quills,2,2607
Pajama Jawbreaker,1,2608
Sweden Shining,2,2613
Sweet Brotherhood,2,2616
Talented Homicide,1,2625
Paradise Sabrina,1,2628
Taxi Kick,1,2631
Paris Weekend,2,2632
Telegraph Voyage,2,2637
Past Suicides,1,2644
Terminator Club,2,2652
Patton Interview,1,2660
Ties Hunger,1,2667
Tights Dawn,1,2670
Timberland Sky,1,2673
Titanic Boondock,1,2676
Pelican Comforts,1,2680
Tomatoes Hellfighters,1,2682
Tomorrow Hustler,2,2685
Perfect Groove,2,2688
Tourist Pelican,1,2694
Towers Hurricane,1,2697
Tracy Cider,2,2703
Philadelphia Wife,2,2704
Trading Pinocchio,2,2706
Pianist Outfield,2,2708
Pickup Driving,1,2712
Trainspotting Strangers,1,2715
Tramp Others,2,2718
Pinocchio Simon,2,2720
Pity Bound,1,2732
Pity Bound,2,2732
Trojan Tomorrow,2,2736
Trojan Tomorrow,1,2736
Pluto Oleander,1,2744
Pocus Pulp,2,2748
Tuxedo Mile,1,2751
Polish Brooklyn,2,2752
Pollock Deliverance,1,2756
Unbreakable Karate,1,2760
Pond Seattle,1,2760
Undefeated Dalmations,1,2766
Unfaithful Kill,2,2769
Unforgiven Zoolander,2,2772
United Pilot,1,2775
Prejudice Oleander,1,2776
Uptown Young,1,2784
Primary Glass,1,2788
Primary Glass,2,2788
Vacation Boondock,2,2790
Vacation Boondock,1,2790
Princess Giant,1,2792
Valentine Vanishing,2,2793
Vampire Whale,1,2799
Vanilla Day,2,2802
Pulp Beverly,2,2808
Pulp Beverly,1,2808
Varsity Trip,2,2811
Victory Academy,1,2820
Purple Movie,1,2820
Videotape Arsenic,2,2823
Queen Luke,2,2824
Quest Mussolini,2,2828
Virgin Daisy,2,2832
Racer Egg,2,2836
Rage Games,1,2840
Raging Airplane,2,2844
Voyage Legally,1,2853
Wagon Jaws,1,2856
Range Moonwalker,1,2860
War Notting,1,2871
Wardrobe Phantom,2,2874
Wardrobe Phantom,1,2874
Wars Pluto,2,2880
Redemption Comforts,2,2880
Wash Heavenly,1,2883
Watch Tracy,2,2889
Waterfront Deliverance,1,2892
Reign Gentlemen,1,2892
Remember Diary,2,2896
Weekend Personal,1,2901
Werewolf Lola,1,2904
Westward Seabiscuit,1,2910
Rider Caddyshack,2,2916
Whisperer Giant,1,2916
Whisperer Giant,2,2916
Ridgemont Submarine,2,2920
Ridgemont Submarine,1,2920
Willow Tracy,2,2925
Rings Heartbreakers,1,2928
Window Side,2,2931
River Outlaw,1,2932
Wisdom Worker,1,2934
Road Roxanne,2,2936
Witches Panic,2,2937
Wizard Coldblooded,1,2940
Robbers Joon,2,2940
Wolves Desire,1,2943
Wolves Desire,2,2943
Robbery Bright,1,2944
Women Dorado,1,2946
Rock Instinct,2,2948
Won Dares,1,2949
Rocketeer Mother,2,2952
Rocketeer Mother,1,2952
Wonderland Christmas,2,2955
Roman Punk,1,2964
Worker Tarzan,1,2964
Room Roman,2,2972
Worst Banger,2,2973
Wrong Behavior,2,2979
Roses Treasure,2,2980
Roses Treasure,1,2980
Wyoming Storm,1,2982
Rugrats Shakespeare,2,2992
Rugrats Shakespeare,1,2992
Zoolander Fiction,2,2997
Rush Goodfellas,2,3012
Rush Goodfellas,1,3012
Sabrina Midnight,1,3020
Salute Apollo,2,3036
Samurai Lion,2,3040
Sassy Packer,2,3048
Saturday Lambs,1,3056
Saturday Lambs,2,3056
Saturn Name,1,3060
Scalawag Duck,2,3068
Scalawag Duck,1,3068
Scorpion Apollo,2,3084
Sea Virgin,1,3088
Seabiscuit Punk,2,3092
Seabiscuit Punk,1,3092
Searchers Wait,1,3096
Secrets Paradise,1,3112
Shane Darkness,1,3132
Shawshank Bubble,1,3140
Shepherd Midsummer,2,3144
Shock Cabin,1,3156
Shock Cabin,2,3156
Shootist Superfly,1,3160
Show Lord,2,3164
Shrunk Divine,1,3172
Siege Madre,1,3180
Sinners Atlantis,2,3200
Slacker Liaisons,1,3212
Sleeping Suspects,1,3216
Slipper Fidelity,2,3236
Slums Duck,1,3240
Smoochy Control,2,3252
Snatch Slipper,2,3256
Snowman Rollercoaster,1,3264
Sons Interview,1,3280
Sorority Queen,2,3284
South Wait,2,3292
Spartacus Cheaper,2,3296
Spice Sorority,2,3308
Spiking Element,2,3312
Spirit Flintstones,2,3320
Splash Gump,1,3328
Splendor Patton,2,3332
Spy Mile,2,3340
Spy Mile,1,3340
Stagecoach Armageddon,2,3352
Stampede Disturbing,1,3360
Star Operation,2,3364
Steel Santa,1,3372
Stepmom Dream,1,3380
Sting Personal,2,3384
Sting Personal,1,3384
Stock Glass,2,3388
Storm Happiness,2,3396
Storm Happiness,1,3396
Story Side,2,3400
Strangelove Desire,1,3408
Strangers Graffiti,2,3416
Streetcar Intentions,2,3424
Streetcar Intentions,1,3424
Strictly Scarface,2,3428
Submarine Bed,2,3432
Sun Confessions,1,3452
Sundance Invasion,1,3456
Sunrise League,1,3460
Super Wyoming,1,3468
Suspects Quills,1,3476
Swarm Gold,1,3480
Swarm Gold,2,3480
Sweethearts Suspects,2,3492
Sweethearts Suspects,1,3492
Talented Homicide,2,3500
Teen Apollo,2,3512
Telegraph Voyage,1,3516
Telemark Heartbreakers,1,3520
Telemark Heartbreakers,2,3520
Temple Attraction,2,3524
Tenenbaums Command,1,3528
Theory Mermaid,1,3544
Thief Pelican,1,3548
Thin Sagebrush,1,3552
Tights Dawn,2,3560
Timberland Sky,2,3564
Titanic Boondock,2,3568
Titans Jerk,1,3572
Titans Jerk,2,3572
Tomorrow Hustler,1,3580
Torque Bound,1,3588
Torque Bound,2,3588
Tracy Cider,1,3604
Trading Pinocchio,1,3608
Translation Summer,1,3628
Trip Newton,2,3644
Trip Newton,1,3644
Troopers Metal,1,3652
Trouble Date,2,3656
Truman Crazy,1,3660
Twisted Pirates,2,3672
Tycoon Gathering,1,3676
Undefeated Dalmations,2,3688
Uprising Uptown,1,3708
Usual Untouchables,1,3716
Vanishing Rocky,2,3744
Velvet Terminator,1,3752
Vertigo Northwest,2,3756
Videotape Arsenic,1,3764
Virginian Pluto,1,3780
Virginian Pluto,2,3780
Virtual Spoilers,2,3784
Voice Peach,2,3792
Volcano Texas,1,3796
Voyage Legally,2,3804
Wait Cider,1,3812
Wanda Chamber,1,3824
Wasteland Divine,1,3848
Wedding Apollo,2,3864
West Lion,1,3876
Westward Seabiscuit,2,3880
Whale Bikini,1,3884
Wife Turn,1,3892
Wife Turn,2,3892
Wind Phantom,2,3904
Witches Panic,1,3916
Women Dorado,2,3928
Wonderland Christmas,1,3940
Wonka Sea,1,3944
Working Microcosmos,1,3956
Wrath Mile,2,3968
Wrong Behavior,1,3972
Yentl Idaho,1,3980
Zorro Ark,1,4000
Zorro Ark,2,4000
